{"moves":{"0":[{"risk":0.23076923076923078,"profitToRisk":34.666666666666664,"profit":8},{"risk":0.38461538461538464,"profitToRisk":23.4,"profit":9},{"mine":45,"opponent":59}],"1":[{"mine":45,"opponent":59}],"2":[{"risk":0.38636363636363635,"profitToRisk":15.529411764705882,"profit":6},{"mine":45,"opponent":63}],"3":[{"mine":51,"opponent":63}]},"matchid":"63dd092eb4a01fa5fa88bed0","mine":51,"opponent":63}