{"moves":{"0":[{"mine":25,"opponent":35}],"1":[{"mine":25,"opponent":35}],"2":[{"risk":0.18181818181818182,"profitToRisk":27.5,"profit":5},{"risk":0.29545454545454547,"profitToRisk":3.3846153846153846,"profit":1},{"mine":30,"opponent":31}]},"matchid":"63dc1e63b1a3baae6bc926f5","mine":30,"opponent":31}